회차,추첨일,조,당첨번호
305,20260305,2,331316
304,20260226,5,234931
303,20260219,4,639566
302,20260212,4,639927
301,20260205,4,748559
300,20260129,1,455490
299,20260122,2,282945
298,20260115,3,960211
297,20260108,5,444163
296,20260101,1,667975
295,20251225,3,751272
294,20251218,1,746186
293,20251211,3,650321
292,20251204,4,971630
291,20251127,4,149309
290,20251120,5,200115
289,20251113,3,585935
288,20251106,5,112703
287,20251030,5,614749
286,20251023,2,824756
285,20251016,1,539742
284,20251009,2,289027
283,20251002,3,653503
282,20250925,3,34844
281,20250918,2,932867
280,20250911,1,904181
279,20250904,1,728822
278,20250828,2,634676
277,20250821,4,515680
276,20250814,5,168238
275,20250807,1,38875
274,20250731,5,574627
273,20250724,1,415223
272,20250717,2,178408
271,20250710,3,887155
270,20250703,4,593142
269,20250626,3,443545
268,20250619,2,736358
267,20250612,2,832963
266,20250605,4,15192
265,20250529,5,802320
264,20250522,2,63053
263,20250515,5,162265
262,20250508,3,564583
261,20250501,1,844061
260,20250424,1,235108
259,20250417,3,707288
258,20250410,1,265256
257,20250403,3,566239
256,20250327,5,584766
255,20250320,4,941271
254,20250313,5,45083
253,20250306,4,484010
252,20250227,4,2228
251,20250220,4,346196
250,20250213,3,437950
249,20250206,1,90785
248,20250130,2,24992
247,20250123,2,490590
246,20250116,3,176069
245,20250109,1,179273
244,20250102,5,33337
243,20241226,2,84982
242,20241219,1,323164
241,20241212,2,106716
240,20241205,4,446648
239,20241128,4,277326
238,20241121,5,988942
237,20241114,5,793969
236,20241107,4,444431
235,20241031,4,817148
234,20241024,4,658373
233,20241017,4,378868
232,20241010,1,868476
231,20241003,3,660621
230,20240926,2,817209
229,20240919,1,441510
228,20240912,4,127317
227,20240905,5,68516
226,20240829,1,502275
225,20240822,3,245914
224,20240815,4,938763
223,20240808,5,279895
222,20240801,5,58627
221,20240725,5,131347
220,20240718,4,444739
219,20240711,5,425483
218,20240704,5,263338
217,20240627,5,817509
216,20240620,5,326117
215,20240613,1,849572
214,20240606,1,718766
213,20240530,1,156049
212,20240523,2,111915
211,20240516,1,960554
210,20240509,3,40662
209,20240502,4,998750
208,20240425,1,879829
207,20240418,3,211988
206,20240411,3,489075
205,20240404,1,472377
204,20240328,5,756397
203,20240321,3,453064
202,20240314,2,419093
201,20240307,1,472675
200,20240229,5,146362
199,20240222,4,103633
198,20240215,2,437803
197,20240208,4,966616
196,20240201,4,113393
195,20240125,4,531307
194,20240118,5,461102
193,20240111,2,491905
192,20240104,2,34210
191,20231228,4,296430
190,20231221,2,850365
189,20231214,4,466557
188,20231207,5,502522
187,20231130,5,200473
186,20231123,5,616814
185,20231116,4,577418
184,20231109,3,646362
183,20231102,4,321423
182,20231026,1,993750
181,20231019,3,550104
180,20231012,3,836838
179,20231005,2,947176
178,20230928,3,4687
177,20230921,3,105948
176,20230914,3,858952
175,20230907,5,765740
174,20230831,2,876021
173,20230824,3,803757
172,20230817,1,92138
171,20230810,2,844578
170,20230803,2,965178
169,20230727,3,924748
168,20230720,2,970731
167,20230713,3,475016
166,20230706,4,342103
165,20230629,1,718273
164,20230622,1,972349
163,20230615,1,711067
162,20230608,2,802493
161,20230601,3,55838
160,20230525,5,440286
159,20230518,3,846581
158,20230511,2,357856
157,20230504,5,243430
156,20230427,1,71712
155,20230420,4,739586
154,20230413,3,826393
153,20230406,1,977038
152,20230330,3,905531
151,20230323,4,256502
150,20230316,3,365343
149,20230309,5,378296
148,20230302,1,826930
147,20230223,4,838380
146,20230216,1,643570
145,20230209,2,221111
144,20230202,5,849681
143,20230126,5,459979
142,20230119,2,852960
141,20230112,4,895352
140,20230105,4,469185
139,20221229,1,201688
138,20221222,1,393066
137,20221215,1,873784
136,20221208,5,587411
135,20221201,2,400876
134,20221124,1,47022
133,20221117,1,107523
132,20221110,1,338822
131,20221103,5,852265
130,20221027,3,737747
129,20221020,1,619003
128,20221013,3,923864
127,20221006,3,905658
126,20220929,5,559830
125,20220922,5,845390
124,20220915,5,311244
123,20220908,3,938423
122,20220901,1,16841
121,20220825,5,444520
120,20220818,2,218556
119,20220811,4,88257
118,20220804,1,929977
117,20220728,4,269117
116,20220721,2,641770
115,20220714,2,749063
114,20220707,2,699286
113,20220630,3,248855
112,20220623,3,802007
111,20220616,1,393588
110,20220609,5,542980
109,20220602,3,164115
108,20220526,3,605195
107,20220519,3,192750
106,20220512,5,307695
105,20220505,1,180506
104,20220428,2,689922
103,20220421,4,786276
102,20220414,3,30569
101,20220407,4,68561
100,20220331,4,419399
99,20220324,3,202997
98,20220317,4,707437
97,20220310,1,783688
96,20220303,2,330481
95,20220224,5,841331
94,20220217,1,807121
93,20220210,4,180249
92,20220203,4,487381
91,20220127,3,586054
90,20220120,5,235858
89,20220113,4,585449
88,20220106,2,329695
87,20211230,4,740942
86,20211223,5,950320
85,20211216,5,338407
84,20211209,4,580148
83,20211202,3,136128
82,20211125,4,935053
81,20211118,1,971511
80,20211111,1,641358
79,20211104,5,408379
78,20211028,2,515884
77,20211021,5,436305
76,20211014,1,890966
75,20211007,3,658340
74,20210930,2,256789
73,20210923,1,501026
72,20210916,2,114687
71,20210909,1,159486
70,20210902,1,248672
69,20210826,4,775530
68,20210819,5,191075
67,20210812,3,807531
66,20210805,4,990834
65,20210729,4,732375
64,20210722,5,676003
63,20210715,4,335226
62,20210708,4,14073
61,20210701,3,575862
60,20210624,5,216510
59,20210617,2,159056
58,20210610,5,939327
57,20210603,2,272286
56,20210527,1,993174
55,20210520,1,477879
54,20210513,5,627054
53,20210506,5,649638
52,20210429,2,597227
51,20210422,2,510012
50,20210415,3,592111
49,20210408,4,305248
48,20210401,1,779363
47,20210325,4,941327
46,20210318,4,10963
45,20210311,2,318754
44,20210304,3,668818
43,20210225,4,589839
42,20210218,4,974231
41,20210211,1,742714
40,20210204,2,631086
39,20210128,1,199137
38,20210121,3,307836
37,20210114,3,453877
36,20210107,4,735757
35,20201231,1,542454
34,20201224,4,977686
33,20201217,4,596219
32,20201210,1,579176
31,20201203,1,771598
30,20201126,3,487215
29,20201119,4,355192
28,20201112,5,80839
27,20201105,5,412008
26,20201029,3,192856
25,20201022,3,463637
24,20201015,2,2989
23,20201008,4,158071
22,20201001,1,913622
21,20200924,1,239937
20,20200917,1,819605
19,20200910,5,859219
18,20200903,1,562222
17,20200827,3,317227
16,20200820,4,664056
15,20200813,4,477238
14,20200806,3,432496
13,20200730,1,669245
12,20200723,5,76676
11,20200716,1,867654
10,20200709,2,770173
9,20200702,3,133510
8,20200625,4,234058
7,20200618,2,597093
6,20200611,5,193202
5,20200604,4,754655
4,20200528,4,124420
3,20200521,4,544955
2,20200514,2,450558
1,20200507,4,162132